City,Latitude,Longitude,Max Temp (K),Humidity,Sky Description,Cloudiness %,Wind speed,Country,Date,Max Temp (F)
Punta Arenas,-53.15,-70.92,285.15,50,broken clouds,75,12.9,CL,1601842583,53.87
Butaritari,3.07,172.79,299.71,77,overcast clouds,100,2.08,KI,1601842760,80.08
Cabo San Lucas,22.89,-109.91,306.48,55,clear sky,5,2.1,MX,1601842787,92.26
Tasiilaq,65.61,-37.64,270.87,81,broken clouds,59,1.34,GL,1601842797,28.17
Goderich,43.75,-81.72,285.93,51,overcast clouds,97,1.34,CA,1601842895,55.27
Hambantota,6.12,81.12,299.15,83,broken clouds,75,3.6,LK,1601842895,79.07
Bluff,-46.6,168.33,285.12,77,scattered clouds,41,8.18,NZ,1601842895,53.82
Pisco,-13.7,-76.22,291.15,77,scattered clouds,40,3.6,PE,1601842797,64.67
Vaini,-21.2,-175.2,295.15,94,light intensity drizzle,90,6.7,TO,1601842895,71.87
Chokurdakh,70.63,147.92,270.54,94,overcast clouds,100,3.65,RU,1601842777,27.57
East London,-33.02,27.91,292.96,80,overcast clouds,88,8.39,ZA,1601842895,67.93
Mossamedes,-15.2,12.15,291.62,70,overcast clouds,90,1.74,AO,1601842896,65.52
Ribeira Grande,38.52,-28.7,293.15,77,few clouds,20,3.6,PT,1601842768,68.27
Albany,42.6,-73.97,289.82,61,broken clouds,73,2.61,US,1601842759,62.28
Shagonar,51.53,92.8,276.16,74,few clouds,12,0.46,RU,1601842866,37.69
Tuktoyaktuk,69.45,-133.04,276.15,93,mist,90,7.2,CA,1601842896,37.67
Bonthe,7.53,-12.51,297.79,89,light rain,100,3.16,SL,1601842896,76.62
Port Elizabeth,-33.92,25.57,290.15,93,clear sky,0,4.6,ZA,1601842766,62.87
Thompson,55.74,-97.86,282.15,93,broken clouds,75,5.1,CA,1601842497,48.47
Cidreira,-30.18,-50.21,288.53,87,light rain,100,11.25,BR,1601842777,59.95
Thabazimbi,-24.59,27.41,296.48,58,few clouds,14,2.1,ZA,1601842897,74.26
Na Wa,17.49,104.1,297.75,93,moderate rain,98,1.33,TH,1601842897,76.55
Evensk,61.95,159.23,276.77,91,broken clouds,67,1.22,RU,1601842897,38.79
Waitati,-45.75,170.57,284.82,78,overcast clouds,98,0.89,NZ,1601842897,53.28
Hilo,19.73,-155.09,302.15,54,clear sky,1,1.5,US,1601842690,84.47
Ushuaia,-54.8,-68.3,284.15,50,broken clouds,75,8.7,AR,1601842670,52.07
Jamestown,42.1,-79.24,288.71,58,overcast clouds,90,3.1,US,1601842549,60.28
Suileng,47.25,127.08,280.91,87,light rain,100,8.84,CN,1601842898,46.24
Port Hawkesbury,45.62,-61.35,288.15,62,clear sky,1,3.6,CA,1601842898,59.27
Hobart,-42.88,147.33,280.15,93,moderate rain,75,2.6,AU,1601842468,44.87
Port Alfred,-33.59,26.89,292.13,81,clear sky,1,9.3,ZA,1601842757,66.43
Kapaa,22.08,-159.32,302.15,62,broken clouds,75,5.1,US,1601842768,84.47
Katsuura,35.13,140.3,297.15,69,scattered clouds,50,6.2,JP,1601842768,75.47
Mvangué,2.97,11.52,293.66,97,light rain,100,1.74,CM,1601842899,69.19
Pevek,69.7,170.31,273.06,91,broken clouds,66,4.71,RU,1601842769,32.11
Yarmouth,41.71,-70.23,290.37,67,broken clouds,75,1.5,US,1601842899,63.27
Avarua,-21.21,-159.78,294.15,94,light rain,95,2.6,CK,1601842757,70.07
Horodok,49.16,26.58,292.59,77,broken clouds,71,6.71,UA,1601842899,67.26
Athabasca,54.72,-113.29,293.44,43,broken clouds,53,6.83,CA,1601842899,68.79
Husavik,66.04,-17.34,278.15,93,overcast clouds,90,2.85,IS,1601842779,41.27
Mnogovershinnyy,53.94,139.92,278.67,97,light rain,100,5.18,RU,1601842900,42.21
La Santisima Trinidad,-14.83,-64.9,307.15,56,few clouds,14,3.1,BO,1601842900,93.47
Sabha,27.04,14.43,305.17,12,overcast clouds,100,5.43,LY,1601842900,89.91
Arraial do Cabo,-22.97,-42.03,296.15,88,mist,75,5.7,BR,1601842778,73.67
Chui,-33.7,-53.46,286.14,80,light rain,98,6.37,UY,1601842782,55.65
Bima,-8.47,118.72,297.1,82,overcast clouds,99,1.19,ID,1601842900,75.38
Wuwei,37.93,102.64,280.93,49,scattered clouds,46,0.89,CN,1601842900,46.27
Rikitea,-23.12,-134.97,296.22,76,clear sky,0,6.88,PF,1601842757,73.8
‘Ewa Beach,21.32,-158.01,302.15,54,few clouds,20,3.1,US,1601842675,84.47
Jacareacanga,-6.22,-57.75,308.2,40,overcast clouds,93,0.89,BR,1601842901,95.36
Barrow,71.29,-156.79,275.15,80,overcast clouds,90,4.6,US,1601842769,35.87
Port Lincoln,-34.73,135.87,283.24,73,clear sky,3,5.74,AU,1601842757,50.43
Lebu,-37.62,-73.65,284.48,75,clear sky,4,6.03,CL,1601842769,52.66
Narsaq,60.92,-46.05,277.15,55,clear sky,0,1.0,GL,1601842794,39.47
Naze,28.37,129.48,299.15,78,clear sky,0,5.1,JP,1601842901,79.07
Codrington,-38.27,141.97,281.1,90,moderate rain,100,2.77,AU,1601842779,46.58
Lüderitz,-26.65,15.16,289.2,71,overcast clouds,99,5.76,NA,1601842653,61.16
Pacific Grove,36.62,-121.92,302.59,77,haze,40,2.6,US,1601842707,85.26
Nikolskoye,59.7,30.79,284.82,87,few clouds,20,5.0,RU,1601842761,53.28
Busselton,-33.65,115.33,279.82,66,clear sky,0,4.12,AU,1601842761,44.28
Puerto Ayora,-0.74,-90.35,298.15,53,broken clouds,51,8.7,EC,1601842762,77.27
Vila do Maio,15.13,-23.22,298.15,73,few clouds,20,5.1,CV,1601842902,77.27
Kommunar,59.62,30.39,284.82,87,few clouds,20,5.0,RU,1601842902,53.28
Ambikāpur,23.12,83.2,294.95,94,light rain,100,1.0,IN,1601842902,71.51
Castro,-24.79,-50.01,295.98,63,scattered clouds,36,5.2,BR,1601842771,73.36
Cape Town,-33.93,18.42,289.82,82,clear sky,0,2.6,ZA,1601842326,62.28
Cherskiy,68.75,161.3,269.93,94,overcast clouds,99,3.91,RU,1601842788,26.47
Nabire,-3.37,135.48,297.24,85,overcast clouds,98,1.19,ID,1601842903,75.63
Bourail,-21.57,165.48,293.3,78,scattered clouds,34,3.47,NC,1601842903,68.54
Tessalit,20.2,1.01,307.05,24,scattered clouds,44,2.23,ML,1601842838,93.29
Cayenne,4.93,-52.33,304.15,66,scattered clouds,40,5.1,GF,1601842712,88.07
Kailua,21.4,-157.74,302.15,54,scattered clouds,40,4.1,US,1601842904,84.47
Clyde River,70.47,-68.59,271.15,79,overcast clouds,90,5.1,CA,1601842774,28.67
Boden,65.83,21.69,283.15,93,clear sky,5,2.6,SE,1601842904,50.27
Vizinga,61.07,50.1,273.21,94,clear sky,0,1.82,RU,1601842746,32.38
Pervomayskoye,43.92,46.71,288.92,72,clear sky,0,5.57,RU,1601842904,60.66
Mina,26.0,-100.53,301.15,42,few clouds,20,5.1,MX,1601842904,82.67
Hithadhoo,-0.6,73.08,301.22,75,overcast clouds,100,3.97,MV,1601842780,82.8
Panama City,8.99,-79.52,302.15,78,scattered clouds,40,3.6,PA,1601842499,84.47
Bahía Honda,22.9,-83.16,301.8,81,moderate rain,100,5.21,CU,1601842905,83.84
Koindu,8.44,-10.33,294.83,97,light rain,77,1.6,GN,1601842905,71.29
Priyutnoye,46.1,43.51,288.15,24,overcast clouds,100,7.15,RU,1601842905,59.27
Khandyga,62.67,135.6,269.32,93,clear sky,0,0.96,RU,1601842905,25.38
Dunedin,-45.87,170.5,284.82,78,broken clouds,55,0.89,NZ,1601842905,53.28
Airai,-8.93,125.41,287.31,70,overcast clouds,96,0.85,TL,1601842763,57.76
Saint-Philippe,-21.36,55.77,294.26,94,overcast clouds,90,11.3,RE,1601842785,70.27
Antsohihy,-14.88,47.99,296.55,91,broken clouds,76,0.75,MG,1601842906,74.39
Mataura,-46.19,168.86,285.68,66,few clouds,22,3.74,NZ,1601842762,54.82
Vrede,-27.43,29.17,287.48,37,clear sky,0,2.09,ZA,1601842906,58.06
Bethel,41.37,-73.41,292.04,34,clear sky,1,3.1,US,1601842767,66.27
Khatanga,71.97,102.5,267.86,98,light snow,100,8.5,RU,1601842828,22.75
Iwanai,42.97,140.51,287.1,90,moderate rain,97,2.64,JP,1601842906,57.38
Bella Vista,36.43,-94.23,292.59,36,clear sky,1,3.6,US,1601842906,67.26
Blackwater,-23.58,148.88,288.25,87,scattered clouds,26,3.0,AU,1601842907,59.45
Saint Paul Harbor,57.79,-152.41,282.15,81,moderate rain,90,5.7,US,1601842767,48.47
Pedersore,63.65,22.68,284.26,76,overcast clouds,99,5.1,FI,1601842908,52.27
Nur,52.67,22.32,287.56,74,clear sky,0,3.3,PL,1601842908,58.21
Kumul,42.8,93.45,284.55,35,clear sky,0,3.4,CN,1601842908,52.79
Laas,46.62,10.7,284.26,100,light rain,75,5.1,IT,1601842908,52.27
Necochea,-38.55,-58.74,281.48,81,light rain,100,2.24,AR,1601842770,47.26
Hermanus,-34.42,19.23,288.71,90,clear sky,0,0.89,ZA,1601842766,60.28
Hasaki,35.73,140.83,294.15,88,broken clouds,75,2.1,JP,1601842763,70.07
Grojdibodu,43.75,24.27,291.15,72,scattered clouds,40,2.1,RO,1601842910,64.67
Vao,-22.67,167.48,294.29,83,light rain,25,8.55,NC,1601842789,70.32
Sabang,5.89,95.32,301.32,76,light rain,44,5.87,ID,1601842846,82.98
Geraldton,-28.77,114.6,281.15,87,clear sky,0,4.1,AU,1601842808,46.67
Tautira,-17.73,-149.15,302.15,54,few clouds,20,2.1,PF,1601842780,84.47
Bairiki Village,1.33,172.98,301.15,78,scattered clouds,40,2.1,KI,1601842910,82.67
Grindavik,63.84,-22.43,277.15,86,few clouds,20,2.1,IS,1601842772,39.47
Oshawa,43.9,-78.85,285.37,81,overcast clouds,90,2.6,CA,1601842854,54.27
George Town,5.41,100.34,300.15,88,few clouds,20,0.5,MY,1601842796,80.87
Aykhal,66.0,111.5,273.15,92,light shower snow,90,3.0,RU,1601842809,32.27
Lake Charles,30.21,-93.2,301.48,39,clear sky,5,5.1,US,1601842911,83.26
Antalaha,-14.9,50.28,295.86,82,broken clouds,65,0.46,MG,1601842911,73.15
Cocobeach,1.0,9.58,298.15,94,thunderstorm with light rain,75,1.5,GA,1601842911,77.27
Todos Santos,23.45,-110.22,303.15,73,clear sky,0,1.79,MX,1601842911,86.27
Kamenka,51.32,42.77,281.48,69,clear sky,0,3.1,RU,1601842811,47.26
Saskylakh,71.92,114.08,266.91,95,overcast clouds,100,4.01,RU,1601842763,21.04
Malanje,-9.54,16.34,293.53,82,overcast clouds,100,3.98,AO,1601842912,68.95
Kununurra,-15.77,128.73,300.15,78,broken clouds,75,2.6,AU,1601842820,80.87
Tongren,27.72,109.19,284.86,82,light rain,100,3.49,CN,1601842912,53.35
Leningradskiy,69.38,178.42,270.72,94,overcast clouds,97,5.18,RU,1601842838,27.9
Itaituba,-4.28,-55.98,310.0,33,broken clouds,59,1.66,BR,1601842767,98.6
Hollins,37.34,-79.94,293.15,52,few clouds,20,3.1,US,1601842912,68.27
Ostrovnoy,68.05,39.51,279.28,88,clear sky,1,8.17,RU,1601842812,43.3
Qaanaaq,77.48,-69.36,265.39,83,clear sky,1,4.1,GL,1601842802,18.3
Coos Bay,43.37,-124.22,293.71,72,clear sky,1,5.7,US,1601842913,69.28
Dāmghān,36.17,54.35,289.86,39,scattered clouds,29,1.03,IR,1601842913,62.35
Portland,45.52,-122.68,291.15,77,overcast clouds,90,3.1,US,1601842855,64.67
Kavieng,-2.57,150.8,301.26,80,light rain,46,7.37,PG,1601842761,82.87
Lagunas,-5.23,-75.68,307.0,42,few clouds,14,1.39,PE,1601842913,93.2
Coquimbo,-29.95,-71.34,289.15,44,overcast clouds,98,6.2,CL,1601842806,61.07
Bengkulu,-3.8,102.27,297.54,89,moderate rain,100,4.13,ID,1601842781,76.17
Liku,-0.73,119.89,297.23,85,light rain,100,1.17,ID,1601842914,75.61
Chapais,49.78,-74.85,276.15,64,overcast clouds,90,1.5,CA,1601842766,37.67
Biak,-0.91,122.88,297.92,79,overcast clouds,99,2.99,ID,1601842914,76.86
Ovalle,-30.6,-71.2,297.19,20,overcast clouds,95,3.06,CL,1601842914,75.54
Lakes Entrance,-37.88,147.98,286.48,86,overcast clouds,100,0.45,AU,1601842914,56.26
Vysokogornyy,50.12,139.15,274.33,93,scattered clouds,43,0.95,RU,1601842914,34.39
Dikson,73.51,80.55,273.73,91,overcast clouds,100,10.95,RU,1601842779,33.31
Kloulklubed,7.04,134.26,301.15,78,broken clouds,75,2.6,PW,1601842760,82.67
New Norfolk,-42.78,147.06,279.26,92,light rain,100,1.34,AU,1601842770,43.27
Rundu,-17.93,19.77,299.79,22,broken clouds,82,0.5,NA,1601842770,80.22
São Filipe,14.9,-24.5,298.55,74,clear sky,4,5.31,CV,1601842787,77.99
Gravelbourg,49.88,-106.55,295.48,26,clear sky,0,4.86,CA,1601842915,72.46
Ponta do Sol,32.67,-17.1,295.15,73,broken clouds,75,6.7,PT,1601842766,71.87
Richards Bay,-28.78,32.04,293.44,91,moderate rain,100,4.78,ZA,1601842834,68.79
Tilichiki,60.47,166.1,272.35,92,broken clouds,56,1.95,RU,1601842825,30.83
Chake Chake,-5.25,39.77,298.0,85,clear sky,0,3.83,TZ,1601842916,77.0
Sungai Penuh,-2.08,101.38,291.4,92,light rain,96,0.96,ID,1601842916,65.12
Atuona,-9.8,-139.03,298.53,75,clear sky,0,7.61,PF,1601842764,77.95
College,64.86,-147.8,283.15,61,scattered clouds,40,1.07,US,1601842916,50.27
Moose Factory,51.26,-80.61,281.15,49,broken clouds,75,4.6,CA,1601842795,46.67
Lüshunkou,38.8,121.27,287.15,41,clear sky,0,3.0,CN,1601842916,57.47
Samarai,-10.62,150.67,298.91,85,moderate rain,80,7.78,PG,1601842812,78.64
Carnarvon,-24.87,113.63,288.15,58,clear sky,0,7.2,AU,1601842771,59.27
Saint George,37.1,-113.58,303.71,7,clear sky,1,1.5,US,1601842652,87.28
Wapi Pathum,15.85,103.38,299.18,81,moderate rain,100,1.12,TH,1601842917,79.12
Homer,59.64,-151.55,280.37,75,clear sky,1,3.87,US,1601842819,45.27
Torbay,47.67,-52.73,282.59,81,broken clouds,75,4.6,CA,1601842754,49.26
Karratha,-20.74,116.85,289.54,30,clear sky,4,8.58,AU,1601842508,61.77
Pokhara,28.23,83.98,292.91,60,clear sky,0,1.97,NP,1601842917,67.84
Kitgum,3.28,32.89,293.84,79,scattered clouds,36,1.02,UG,1601842917,69.51
Comodoro Rivadavia,-45.87,-67.5,295.15,13,clear sky,0,8.2,AR,1601842918,71.87
Mount Isa,-20.73,139.5,291.15,52,clear sky,1,5.13,AU,1601842793,64.67
Nome,64.5,-165.41,278.15,86,light rain,90,4.1,US,1601842918,41.27
Deputatsky,69.3,139.9,266.11,98,overcast clouds,96,1.99,RU,1601842844,19.6
Charlestown,-32.95,151.67,290.93,78,clear sky,0,3.54,AU,1601842918,64.27
Buraidah,26.33,43.98,301.15,24,clear sky,0,3.1,SA,1601842790,82.67
Machiques,10.06,-72.55,304.28,61,light rain,64,1.5,VE,1601842918,88.3
Vila Franca do Campo,37.72,-25.43,292.15,77,few clouds,20,3.1,PT,1601842840,66.47
Kendari,-3.94,122.5,296.23,91,scattered clouds,44,2.02,ID,1601842755,73.81
Guaymas,27.93,-110.9,310.93,53,clear sky,5,2.9,MX,1601842919,100.27
Lompoc,34.64,-120.46,300.15,57,clear sky,1,5.7,US,1601842826,80.87
Lavrentiya,65.58,-171.0,275.29,83,scattered clouds,39,5.22,RU,1601842801,36.12
Saravan,39.72,45.65,288.15,77,broken clouds,75,2.1,AM,1601842919,59.27
Ishigaki,24.34,124.16,299.98,78,broken clouds,83,8.08,JP,1601842919,80.56
Kangaatsiaq,68.31,-53.46,272.85,94,overcast clouds,87,1.79,GL,1601842920,31.73
Chifeng,42.27,118.96,276.86,71,clear sky,0,3.04,CN,1601842920,38.95
Zgierz,51.86,19.41,286.48,93,clear sky,0,1.0,PL,1601842920,56.26
Atakent,40.85,68.51,284.61,41,clear sky,0,2.14,KZ,1601842920,52.9
Ixtapa,20.7,-105.2,304.82,58,clear sky,5,3.6,MX,1601842535,89.28
Vardø,70.37,31.11,279.15,87,clear sky,0,8.2,NO,1601842797,43.07
Sosnovo-Ozerskoye,52.52,111.54,269.48,93,clear sky,6,1.14,RU,1601842921,25.66
Makakilo City,21.35,-158.09,302.15,54,few clouds,20,3.1,US,1601842687,84.47
La Plata,-34.92,-57.95,287.04,75,light rain,100,0.89,AR,1601842921,57.27
Bambous Virieux,-20.34,57.76,296.48,83,broken clouds,75,3.1,MU,1601842785,74.26
Bredasdorp,-34.53,20.04,288.15,93,clear sky,0,0.5,ZA,1601842772,59.27
Khanpur,28.65,70.66,301.81,24,clear sky,0,3.51,PK,1601842921,83.86
Nieuw Nickerie,5.95,-56.98,301.74,75,scattered clouds,28,4.65,SR,1601842921,83.73
Broken Hill,-31.95,141.43,287.15,87,overcast clouds,90,7.2,AU,1601842776,57.47
Santiago Chimaltenango,15.47,-91.72,289.82,63,light rain,99,2.21,GT,1601842922,62.28
Vestmannaeyjar,63.44,-20.27,279.15,75,clear sky,9,5.7,IS,1601842922,43.07
Yar-Sale,66.83,70.83,276.16,82,overcast clouds,100,7.33,RU,1601842812,37.69
Jutaí,-5.18,-68.9,306.9,46,light rain,92,0.62,BR,1601842922,93.02
Constantine,36.37,6.61,290.15,59,overcast clouds,100,1.0,DZ,1601842922,62.87
Pangnirtung,66.15,-65.71,274.15,80,overcast clouds,90,1.0,CA,1601842764,34.07
Katobu,-4.94,122.53,296.03,88,broken clouds,68,0.81,ID,1601842923,73.45
Flinders,-34.58,150.86,292.04,72,clear sky,0,3.58,AU,1601842923,66.27
Pombal,-6.77,-37.8,310.5,15,broken clouds,71,4.19,BR,1601842923,99.5
Inta,66.03,60.17,274.1,90,overcast clouds,100,7.9,RU,1601842923,33.98
Port Perry,44.11,-78.94,285.37,81,light rain,90,2.6,CA,1601842923,54.27
Opuwo,-18.06,13.84,294.43,23,clear sky,8,3.22,NA,1601842923,70.57
Bilma,18.69,12.92,307.4,13,clear sky,5,2.49,NE,1601842772,93.92
Shingū,33.73,135.98,293.47,87,light rain,94,2.19,JP,1601842810,68.85
Ol'ga,43.74,135.29,279.98,81,clear sky,2,4.48,RU,1601842649,44.56
Lagoa,39.05,-27.98,293.73,85,clear sky,0,4.32,PT,1601842924,69.31
Sisimiut,66.94,-53.67,271.57,91,clear sky,7,1.96,GL,1601842812,29.43
Burnie,-41.07,145.92,280.93,83,light rain,100,8.05,AU,1601842798,46.27
Marsh Harbour,26.54,-77.06,301.91,77,light rain,75,7.22,BS,1601842892,84.04
Whitianga,-36.83,175.7,289.26,86,clear sky,9,1.34,NZ,1601842924,61.27
Warrington,53.39,-2.58,286.15,82,clear sky,0,3.1,GB,1601842924,55.67
Amga,60.9,131.96,268.19,94,clear sky,0,1.21,RU,1601842924,23.34
Ucluelet,48.93,-125.55,289.82,93,broken clouds,75,3.1,CA,1601842857,62.28
Kathmandu,27.72,85.32,293.15,94,broken clouds,75,1.0,NP,1601842270,68.27
Bangangté,5.14,10.52,290.09,100,broken clouds,71,1.44,CM,1601842925,62.76
Sinop Province,41.77,34.87,287.74,62,clear sky,0,1.46,TR,1601842925,58.53
Roald,62.58,6.13,290.15,63,overcast clouds,93,3.1,NO,1601842925,62.87
Carahue,-38.7,-73.17,288.15,58,broken clouds,75,3.1,CL,1601842925,59.27
Kudahuvadhoo,2.67,72.89,301.08,73,broken clouds,73,5.78,MV,1601842818,82.54
Honiara,-9.43,159.95,296.15,100,broken clouds,75,2.1,SB,1601842708,73.67
Bouca,6.51,18.27,295.62,92,overcast clouds,100,0.86,CF,1601842926,72.72
Kidal,18.44,1.41,308.13,25,broken clouds,72,5.98,ML,1601842839,95.23
Salinas,36.68,-121.66,302.59,53,clear sky,1,4.6,US,1601842845,85.26
Qaqortoq,60.72,-46.03,277.15,55,clear sky,0,1.0,GL,1601842763,39.47
Provideniya,64.38,-173.3,275.15,69,broken clouds,75,5.0,RU,1601842764,35.87
Yellowknife,62.46,-114.35,281.15,100,overcast clouds,90,3.6,CA,1601842513,46.67
Beringovskiy,63.05,179.32,273.83,87,overcast clouds,92,5.39,RU,1601842926,33.49
Cabedelo,-6.98,-34.83,301.15,65,scattered clouds,40,6.7,BR,1601842828,82.67
Henties Bay,-22.12,14.28,285.93,91,clear sky,0,3.07,NA,1601842818,55.27
Te Anau,-45.42,167.72,284.18,85,light rain,72,4.23,NZ,1601842811,52.12
Acarí,-15.43,-74.62,296.64,46,broken clouds,55,4.22,PE,1601842927,74.55
Fortuna,40.6,-124.16,288.15,100,overcast clouds,90,2.6,US,1601842763,59.27
Savelugu,9.62,-0.83,298.77,83,broken clouds,70,1.56,GH,1601842927,78.39
Dingle,11.0,122.67,297.75,91,light rain,97,1.06,PH,1601842800,76.55
Tiksi,71.69,128.87,267.87,95,broken clouds,80,7.56,RU,1601842790,22.77
Palamós,41.85,3.13,287.59,37,few clouds,11,4.83,ES,1601842928,58.26
Giohar,2.78,45.5,299.19,76,scattered clouds,27,3.87,SO,1601842928,79.14
Talnakh,69.49,88.4,272.15,100,light snow,75,6.0,RU,1601842791,30.47
Ashwaubenon,44.48,-88.07,284.26,50,overcast clouds,90,1.5,US,1601842866,52.27
Coahuayana Viejo,18.73,-103.68,302.15,62,few clouds,20,4.1,MX,1601842792,84.47
Charters Towers,-20.1,146.27,289.1,90,overcast clouds,92,3.49,AU,1601842928,60.98
Sørland,67.67,12.69,286.15,66,broken clouds,67,7.7,NO,1601842822,55.67
Severo-Kuril'sk,50.68,156.12,283.37,92,overcast clouds,100,1.83,RU,1601842828,50.67
San Patricio,19.22,-104.7,305.15,75,few clouds,20,5.1,MX,1601842835,89.87
Avera,33.19,-82.53,295.15,46,clear sky,1,3.1,US,1601842929,71.87
Drummondville,45.88,-72.48,288.71,56,broken clouds,76,1.86,CA,1601842929,60.28
Ushibukamachi,32.19,130.02,294.67,85,overcast clouds,100,4.57,JP,1601842929,71.01
Ambovombe,-25.17,46.08,292.04,75,clear sky,8,8.94,MG,1601842929,66.27
Bambanglipuro,-7.95,110.28,297.49,85,light rain,88,4.25,ID,1601842827,76.08
Morro Bay,35.37,-120.85,307.59,37,clear sky,0,1.34,US,1601842894,94.26
São João da Barra,-21.64,-41.05,298.15,78,broken clouds,75,6.2,BR,1601842776,77.27
Espinosa,-14.93,-42.82,308.79,14,overcast clouds,88,5.17,BR,1601842930,96.42
Ahipara,-35.17,173.17,287.44,71,clear sky,0,1.49,NZ,1601842754,57.99
Maningrida,-12.07,134.27,295.56,90,scattered clouds,40,2.03,AU,1601842930,72.61
Acapulco de Juárez,16.86,-99.89,304.15,70,scattered clouds,40,2.6,MX,1601842930,88.07
Birin,26.89,88.07,289.71,99,light rain,93,1.69,NP,1601842930,62.08
Bismarck,46.81,-100.78,294.15,32,clear sky,1,6.7,US,1601842648,70.07
Tura,25.52,90.22,296.75,89,few clouds,16,0.46,IN,1601842931,74.75
Mahébourg,-20.41,57.7,296.15,83,broken clouds,75,3.1,MU,1601842931,73.67
Upernavik,72.79,-56.15,269.59,86,overcast clouds,87,1.76,GL,1601842804,25.86
Mar del Plata,-38.0,-57.56,283.71,76,light rain,100,4.1,AR,1601842751,51.28
Forsytheganj,52.63,29.73,290.12,67,broken clouds,84,6.55,BY,1601842931,62.82
Saint Anthony,45.02,-93.22,287.04,35,clear sky,1,3.1,US,1601842932,57.27
Morondava,-20.28,44.28,298.36,72,clear sky,6,6.76,MG,1601842932,77.65
Novonikolayevskiy,50.97,42.36,281.48,69,clear sky,0,3.48,RU,1601842932,47.26
Souillac,-20.52,57.52,296.15,83,broken clouds,75,3.1,MU,1601842803,73.67
Lorengau,-2.02,147.27,301.04,78,few clouds,13,3.67,PG,1601842932,82.47
Japura,-0.32,102.35,296.13,90,overcast clouds,93,0.3,ID,1601842932,73.63
Mashpee,41.65,-70.48,290.37,59,broken clouds,75,4.1,US,1601842933,63.27
Bud,39.45,-86.18,285.15,71,overcast clouds,90,2.1,US,1601842799,53.87
Neuruppin,52.93,12.8,287.04,76,few clouds,22,1.0,DE,1601842933,57.27
Freetown,8.48,-13.23,297.71,90,overcast clouds,100,4.66,SL,1601842933,76.48
Anchorage,61.22,-149.9,280.93,87,light rain,75,2.6,US,1601842876,46.27
Villena,38.64,-0.87,290.93,57,broken clouds,83,2.68,ES,1601842934,64.27
Port Moresby,-9.44,147.18,298.15,88,scattered clouds,40,4.1,PG,1601842641,77.27
Taksimo,56.34,114.88,270.56,86,clear sky,0,0.96,RU,1601842835,27.61
Kayerkan,69.35,87.76,272.15,100,light snow,75,6.0,RU,1601842934,30.47
Cayhagan,9.67,122.43,300.09,78,overcast clouds,100,0.66,PH,1601842934,80.76
Mercedes,-34.65,-59.43,288.15,66,light rain,100,2.24,AR,1601842934,59.27
Laguna,38.42,-121.42,306.48,35,clear sky,1,2.03,US,1601842814,92.26
Yuanping,38.72,112.76,277.26,65,broken clouds,51,1.45,CN,1601842935,39.67
Bac Lieu,9.29,105.72,299.12,88,moderate rain,100,3.47,VN,1601842843,79.02
Canoa,18.36,-71.16,301.15,78,broken clouds,75,7.2,DO,1601842935,82.67
Carlton,45.29,-123.18,294.26,72,overcast clouds,90,2.1,US,1601842935,70.27
Nelson Bay,-32.72,152.15,289.26,93,clear sky,0,1.0,AU,1601842935,61.27
Adrar,20.5,-10.07,301.68,50,overcast clouds,99,4.97,MR,1601842795,83.62
Olinda,-8.01,-34.86,300.15,65,few clouds,20,5.7,BR,1601842935,80.87
Margate,51.38,1.39,284.82,95,light rain,100,2.24,GB,1601842821,53.28
Kahului,20.89,-156.47,304.15,48,few clouds,20,6.7,US,1601842810,88.07
Yibin,28.77,104.62,290.49,85,light rain,100,0.53,CN,1601842936,63.48
Tunceli,39.11,39.55,293.15,24,clear sky,1,4.6,TR,1601842936,68.27
Andijan,40.78,72.34,290.37,72,overcast clouds,90,5.81,UZ,1601842936,63.27
Hetauda,27.43,85.03,293.15,94,broken clouds,75,1.0,NP,1601842936,68.27
Rapid Valley,44.06,-103.15,296.48,21,clear sky,1,5.7,US,1601842687,74.26
Dicabisagan,17.08,122.42,298.5,83,light rain,100,1.95,PH,1601842937,77.9
Fairbanks,64.84,-147.72,283.15,70,clear sky,1,1.5,US,1601842817,50.27
Thana,34.64,72.07,293.57,33,clear sky,0,2.97,PK,1601842937,69.03
Ancud,-41.87,-73.82,284.15,66,scattered clouds,40,3.1,CL,1601842773,52.07
Salmās,38.2,44.77,286.15,71,scattered clouds,40,2.1,IR,1601842830,55.67
Kasempa,-13.46,25.83,296.17,22,scattered clouds,47,2.55,ZM,1601842937,73.71
Hamada,34.88,132.08,293.71,36,overcast clouds,100,0.45,JP,1601842937,69.28
Krasnaya Gora,53.0,31.6,291.15,63,overcast clouds,98,6.0,RU,1601842808,64.67
Bogo,11.05,124.01,299.77,80,light rain,100,0.62,PH,1601842938,80.19
Korla,41.76,86.15,282.59,88,broken clouds,74,3.13,CN,1601842938,49.26
Mount Gambier,-37.83,140.77,280.15,100,light intensity shower rain,75,2.6,AU,1601842770,44.87
Itarema,-2.92,-39.92,305.15,59,clear sky,6,8.7,BR,1601842938,89.87
Paita,-5.09,-81.11,292.65,72,clear sky,10,7.78,PE,1601842779,67.37
Kruisfontein,-34.0,24.73,288.71,91,clear sky,0,0.45,ZA,1601842768,60.28
Umm Kaddadah,13.6,26.69,302.99,37,overcast clouds,100,3.99,SD,1601842938,85.98
Al Bardīyah,31.76,25.09,298.12,73,clear sky,0,2.99,LY,1601842938,77.22
Vila Velha,-20.33,-40.29,300.37,88,few clouds,20,4.6,BR,1601842939,81.27
High Level,58.52,-117.14,287.15,41,broken clouds,75,5.7,CA,1601842939,57.47
Barcelos,41.54,-8.62,287.59,87,broken clouds,75,2.98,PT,1601842939,58.26
Medvedok,57.39,50.04,274.08,87,clear sky,4,1.38,RU,1601842939,33.94
Diamantino,-14.41,-56.45,313.6,16,scattered clouds,48,1.78,BR,1601842939,105.08
Isangel,-19.55,169.27,295.43,71,clear sky,9,3.43,VU,1601842791,72.37
Mwinilunga,-11.74,24.43,294.86,25,clear sky,0,1.5,ZM,1601842939,71.35
Kabarnet,0.49,35.74,288.94,72,few clouds,15,1.29,KE,1601842940,60.69
Beian,63.66,9.57,287.15,71,scattered clouds,40,8.2,NO,1601842940,57.47
Taihe,30.87,105.38,287.79,89,light rain,100,5.14,CN,1601842940,58.62
Zhigansk,66.77,123.37,273.16,98,overcast clouds,100,4.09,RU,1601842800,32.29
Khetri,27.98,75.8,296.11,25,clear sky,0,0.85,IN,1601842940,73.6
Okhotsk,59.38,143.3,277.97,80,scattered clouds,36,2.72,RU,1601842940,40.95
Listvyagi,53.68,86.95,277.75,88,broken clouds,78,2.44,RU,1601842940,40.55
Pustomyty,49.72,23.91,288.15,93,clear sky,1,2.0,UA,1601842941,59.27
Mount Abu,24.59,72.71,292.35,67,few clouds,23,1.79,IN,1601842941,66.83
Forécariah,9.43,-13.09,298.15,94,light rain,75,7.2,GN,1601842941,77.27
Nanortalik,60.14,-45.24,274.85,85,clear sky,2,4.27,GL,1601842785,35.33
Faanui,-16.48,-151.75,298.7,78,overcast clouds,88,6.92,PF,1601842789,78.26
Bathsheba,13.22,-59.52,304.15,70,scattered clouds,40,6.2,BB,1601842798,88.07
Toora-Khem,52.47,96.11,270.07,93,clear sky,0,0.61,RU,1601842941,26.73
Shubarshi,48.59,57.19,283.84,65,clear sky,0,5.16,KZ,1601842941,51.51
Uşak Province,38.5,29.42,294.82,68,clear sky,0,4.47,TR,1601842652,71.28
Ternate,0.8,127.4,300.25,75,overcast clouds,95,2.04,ID,1601842942,81.05
Longyearbyen,78.22,15.64,275.15,100,light intensity drizzle,75,3.1,SJ,1601842786,35.87
Hobyo,5.35,48.53,299.37,84,few clouds,16,7.0,SO,1601842841,79.47
Galesong,-5.32,119.37,294.15,88,few clouds,20,1.0,ID,1601842942,70.07
Tuatapere,-46.13,167.68,285.76,76,broken clouds,54,4.63,NZ,1601842790,54.97
Swift Current,50.28,-107.8,297.15,29,clear sky,1,7.7,CA,1601842674,75.47
Paragominas,-2.97,-47.48,304.87,50,light rain,81,1.74,BR,1601842942,89.37
Charter Township of Clinton,42.59,-82.92,285.93,100,broken clouds,75,2.1,US,1601842758,55.27
Khor,47.89,134.95,280.4,82,light rain,100,8.14,RU,1601842943,45.32
Rognan,67.1,15.39,285.15,66,few clouds,20,11.3,NO,1601842943,53.87
Grand Bank,47.1,-55.77,287.15,71,scattered clouds,40,4.1,CA,1601842943,57.47
Aginskoye,51.1,114.53,271.49,88,clear sky,0,2.63,RU,1601842943,29.28
Tobol,52.68,62.58,274.92,81,clear sky,0,3.69,KZ,1601842777,35.46
Touros,-5.2,-35.46,301.15,65,few clouds,20,5.7,BR,1601842797,82.67
Praia da Vitória,38.73,-27.07,294.82,100,broken clouds,75,3.17,PT,1601842842,71.28
Nagapattinam,10.77,79.83,300.11,69,scattered clouds,29,5.01,IN,1601842944,80.8
Fukuechō,32.69,128.84,293.77,79,light rain,100,10.47,JP,1601842944,69.39
Pimentel,-6.84,-79.93,295.15,64,scattered clouds,31,9.3,PE,1601842944,71.87
Warragul,-38.17,145.93,282.59,94,light rain,100,3.58,AU,1601842944,49.26
Verkh-Chebula,56.03,87.62,279.94,78,overcast clouds,100,3.39,RU,1601842944,44.49
San Rafael,-34.62,-68.33,284.61,52,scattered clouds,43,6.12,AR,1601842785,52.9
Creel,27.75,-107.63,294.61,24,clear sky,0,6.58,MX,1601842945,70.9
Azuaga,38.27,-5.68,286.48,65,overcast clouds,99,3.58,ES,1601842945,56.26
Iralaya,15.0,-83.23,305.15,70,scattered clouds,40,3.6,HN,1601842945,89.87
Caconda,-13.73,15.07,294.57,53,broken clouds,68,2.69,AO,1601842945,70.83
Banda Aceh,5.56,95.32,299.96,75,overcast clouds,94,3.55,ID,1601842945,80.53
Olafsvik,64.89,-23.71,279.51,80,overcast clouds,99,5.34,IS,1601842816,43.72
Kirakira,-10.45,161.92,299.41,78,clear sky,1,3.21,SB,1601842946,79.54
Cárdenas,23.04,-81.2,305.15,66,scattered clouds,40,4.6,CU,1601842946,89.87
Hong Kong,22.29,114.16,301.48,82,scattered clouds,28,1.47,HK,1601842435,83.26
Weihe,33.0,105.32,281.16,85,light rain,100,1.57,CN,1601842946,46.69
Pemangkat,1.17,108.97,297.23,87,overcast clouds,100,2.35,ID,1601842946,75.61
Iqaluit,63.75,-68.51,274.15,86,overcast clouds,90,4.1,CA,1601842760,34.07
Klichka,50.45,118.0,271.37,94,clear sky,0,1.6,RU,1601842946,29.07
Arrondissement de Provins,48.58,3.17,284.26,87,overcast clouds,90,6.7,FR,1601842946,52.27
Broome,42.25,-75.83,289.26,45,overcast clouds,100,0.45,US,1601842777,61.27
Eha Amufu,6.66,7.76,298.15,88,scattered clouds,40,1.0,NG,1601842947,77.27
Quatre Cocos,-20.21,57.76,296.48,83,broken clouds,75,3.1,MU,1601842947,74.26
Camacha,33.08,-16.33,295.15,68,scattered clouds,40,5.7,PT,1601842947,71.87
Kouango,4.99,19.96,296.67,87,broken clouds,56,0.55,CF,1601842947,74.61
Elk City,35.41,-99.4,296.15,28,clear sky,1,2.1,US,1601842948,73.67
Dukat,62.55,155.55,271.11,96,overcast clouds,89,1.81,RU,1601842948,28.6
Alofi,-19.06,-169.92,298.15,88,light rain,100,3.1,NU,1601842765,77.27
Los Llanos de Aridane,28.66,-17.92,296.15,73,broken clouds,75,5.1,ES,1601842833,73.67
Srednekolymsk,67.45,153.68,271.53,87,overcast clouds,99,1.93,RU,1601842799,29.35
Ulladulla,-35.35,150.47,289.15,67,clear sky,0,2.6,AU,1601842948,61.07
San Cristobal,7.77,-72.22,305.15,55,scattered clouds,40,6.2,VE,1601842845,89.87
Maltahöhe,-24.83,16.98,293.18,19,overcast clouds,93,2.04,NA,1601842949,68.32
Santa Cruz de la Sierra,-17.8,-63.17,307.15,32,clear sky,1,5.1,BO,1601842949,93.47
Burgeo,47.62,-57.62,285.2,73,broken clouds,53,6.16,CA,1601842949,53.96
Takoradze,4.88,-1.76,297.91,88,overcast clouds,94,3.25,GH,1601842949,76.84
Sedalia,38.7,-93.23,289.26,44,scattered clouds,40,2.1,US,1601842949,61.27
Pierre,44.37,-100.35,295.93,32,clear sky,1,6.7,US,1601842949,73.27
Alice Springs,-23.7,133.88,286.15,100,overcast clouds,90,6.7,AU,1601842766,55.67
Nishihara,26.18,127.76,299.15,94,few clouds,20,1.5,JP,1601842950,79.07
Bījār,35.87,47.61,283.32,66,light rain,77,0.87,IR,1601842950,50.58
Salug,8.11,122.78,299.26,83,moderate rain,99,1.49,PH,1601842950,79.27
Assiniboia,49.63,-105.98,296.06,24,clear sky,0,5.06,CA,1601842668,73.51
Pascagoula,30.37,-88.56,299.15,44,clear sky,1,4.6,US,1601842950,79.07
Posse,-14.09,-46.37,309.42,11,clear sky,7,4.34,BR,1601842892,97.56
Poum,-20.23,164.02,294.83,77,clear sky,0,8.16,NC,1601842833,71.29
Teya,60.38,92.63,279.49,87,light rain,100,3.18,RU,1601842951,43.68
Sitka,57.05,-135.33,285.15,71,light rain,90,7.7,US,1601842760,53.87
Nienburg,52.63,9.22,286.15,58,broken clouds,75,3.1,DE,1601842951,55.67
Hendrina,-26.16,29.72,289.82,92,clear sky,0,2.24,ZA,1601842951,62.28
Faya,18.39,42.45,291.15,77,clear sky,0,0.74,SA,1601842951,64.67
Shimoda,34.67,138.95,293.15,81,scattered clouds,28,0.45,JP,1601842951,68.27
Zhangjiakou,40.81,114.88,276.11,69,clear sky,0,2.53,CN,1601842951,37.6
Bonga,7.28,36.23,288.33,89,broken clouds,73,0.68,ET,1601842952,59.59
Coruripe,-10.13,-36.18,298.25,79,overcast clouds,100,4.85,BR,1601842884,77.45
Boguchany,58.38,97.45,275.43,84,few clouds,21,2.03,RU,1601842952,36.37
Lucapa,-8.42,20.74,293.18,83,overcast clouds,100,1.22,AO,1601842952,68.32
Santa Isabel,-23.32,-46.22,296.15,82,overcast clouds,90,4.6,BR,1601842952,73.67
Tygda,53.12,126.33,275.78,79,overcast clouds,99,3.57,RU,1601842952,37.0
Aripuanã,-9.17,-60.63,307.78,38,broken clouds,73,1.49,BR,1601842806,94.6
Labuhan,-6.88,112.21,298.93,76,broken clouds,79,5.95,ID,1601842952,78.67
Villavieja,39.85,-0.18,293.71,48,overcast clouds,96,2.96,ES,1601842952,69.28
Florø,61.6,5.03,289.15,67,overcast clouds,100,3.6,NO,1601842953,61.07
Santa Rosa,14.31,121.11,300.15,83,light rain,21,2.6,PH,1601842886,80.87
Kiama,-34.68,150.87,292.04,72,clear sky,0,3.58,AU,1601842953,66.27
North Bend,43.41,-124.22,293.71,72,few clouds,20,6.7,US,1601842758,69.28
Quelimane,-17.88,36.89,298.15,83,few clouds,20,3.1,MZ,1601842953,77.27
Samaná,19.21,-69.34,303.15,84,scattered clouds,40,3.1,DO,1601842953,86.27
Ust'-Ishim,57.69,71.17,272.0,95,overcast clouds,87,3.23,RU,1601842953,30.2
Alice,27.75,-98.07,305.15,33,clear sky,1,1.5,US,1601842953,89.87
Kang,-23.68,22.79,297.27,18,overcast clouds,85,4.02,BW,1601842954,75.69
Ransang,8.96,117.58,300.03,80,light rain,100,2.65,PH,1601842954,80.65
Aklavik,68.22,-135.01,278.15,86,broken clouds,75,1.0,CA,1601842795,41.27
Ust'-Koksa,50.27,85.61,276.16,78,overcast clouds,100,1.28,RU,1601842954,37.69
Riyadh,24.69,46.72,300.15,26,clear sky,0,1.5,SA,1601842799,80.87
Trn,44.86,17.24,286.15,87,clear sky,0,2.1,BA,1601842954,55.67
Graaff-Reinet,-32.25,24.53,291.59,46,clear sky,0,1.11,ZA,1601843030,65.46
Witzenhausen,51.33,9.87,284.15,57,overcast clouds,99,4.6,DE,1601843030,52.07
Moree,-29.47,149.85,288.15,72,clear sky,0,5.7,AU,1601843030,59.27
Bayburt,40.26,40.23,282.64,83,scattered clouds,34,1.08,TR,1601843030,49.35
Mīnāb,27.15,57.08,303.15,62,clear sky,0,3.1,IR,1601843030,86.27
Mingshui,36.72,117.5,285.37,57,light rain,0,1.09,CN,1601843030,54.27
Kuito,-12.38,16.93,295.56,42,broken clouds,82,1.13,AO,1601843030,72.61
Erdenet,49.03,104.08,269.4,88,broken clouds,56,0.93,MN,1601843031,25.52
Savonlinna,61.87,28.88,283.15,100,light rain,90,5.7,FI,1601843031,50.27
Walvis Bay,-22.96,14.51,286.15,82,clear sky,1,2.1,NA,1601843031,55.67
Ulagan,50.63,87.96,275.08,78,broken clouds,69,0.69,RU,1601843031,35.74
Yangi Marg`ilon,40.43,71.72,287.15,50,few clouds,14,2.1,UZ,1601842687,57.47
Tongchuanshi,35.08,109.09,283.75,41,light rain,100,2.28,CN,1601843032,51.35
Ilulissat,69.22,-51.1,271.15,58,few clouds,14,1.5,GL,1601842790,28.67
Saint-Gabriel,46.3,-73.38,287.15,54,broken clouds,75,2.1,CA,1601843032,57.47
Monywa,22.12,95.13,299.42,81,overcast clouds,100,3.08,MM,1601843032,79.56
Inírida,3.87,-67.92,303.52,70,light rain,93,0.91,CO,1601843032,86.94
Tūkrah,32.53,20.58,302.41,30,clear sky,0,2.12,LY,1601842831,84.94
Cairns,-16.92,145.77,293.15,77,overcast clouds,100,3.6,AU,1601842489,68.27
Petropavlovsk-Kamchatskiy,53.05,158.65,279.15,100,light intensity shower rain,90,5.0,RU,1601843032,43.07
Pouébo,-20.4,164.57,293.6,75,clear sky,1,1.65,NC,1601843033,69.08
Bayevo,53.28,80.77,276.87,83,overcast clouds,99,3.6,RU,1601843033,38.97
Horki,54.29,30.98,287.94,59,overcast clouds,93,7.53,BY,1601843033,58.89
Batagay,67.63,134.63,270.12,96,broken clouds,59,1.88,RU,1601842796,26.82
Borogontsy,62.67,131.17,270.18,95,broken clouds,69,1.61,RU,1601843033,26.92
Kodinsk,58.69,99.18,273.88,93,broken clouds,74,2.06,RU,1601843033,33.58
Udachny,66.42,112.4,273.15,92,overcast clouds,90,4.0,RU,1601843034,32.27
Rocha,-34.48,-54.33,286.98,70,broken clouds,62,6.5,UY,1601842786,57.16
Bethanien,-26.5,17.16,295.31,16,overcast clouds,90,1.83,NA,1601843034,72.16
Kokopo,-4.35,152.26,298.51,83,clear sky,8,3.26,PG,1601843034,77.92
Boddam,57.47,-1.78,285.15,93,overcast clouds,90,2.1,GB,1601843034,53.87
Copiapó,-27.37,-70.33,289.15,55,overcast clouds,95,6.2,CL,1601843034,61.07
Jishui,33.73,115.4,282.63,49,light rain,23,2.57,CN,1601843034,49.33
Grand Gaube,-20.01,57.66,296.48,78,few clouds,11,2.68,MU,1601842815,74.26
Mergen,49.18,125.22,279.11,85,overcast clouds,100,7.02,CN,1601843035,43.0
La Unión,-5.4,-80.75,298.81,48,clear sky,4,7.93,PE,1601843035,78.46
Altay,47.87,88.12,278.61,58,overcast clouds,100,1.2,CN,1601843035,42.1
Bom Despacho,-19.74,-45.25,307.49,20,overcast clouds,100,2.15,BR,1601843036,94.08
Yilan,24.76,121.75,298.15,88,broken clouds,75,5.7,TW,1601842822,77.27
San Policarpo,12.18,125.51,298.6,90,light rain,100,1.91,PH,1601843036,78.08
Mana,5.66,-53.78,302.05,73,overcast clouds,98,3.84,GF,1601843036,84.29
Inuvik,68.35,-133.72,278.15,86,broken clouds,75,1.5,CA,1601843036,41.27
Wembley,-31.93,115.8,283.15,57,clear sky,0,7.2,AU,1601843036,50.27
Talara,-4.58,-81.27,292.1,77,clear sky,5,5.95,PE,1601843036,66.38
Eyrarbakki,63.86,-21.15,277.15,80,scattered clouds,40,2.6,IS,1601843037,39.47
Khani,41.96,42.96,291.15,82,broken clouds,75,2.6,GE,1601843037,64.67
Kutum,14.2,24.67,299.09,49,broken clouds,51,4.98,SD,1601842848,78.96
Mayumba,-3.43,10.66,298.22,86,overcast clouds,100,3.28,GA,1601843037,77.4
Katherine,-14.47,132.27,300.15,69,clear sky,0,3.6,AU,1601843037,80.87
Puerto Rondón,6.28,-71.1,300.8,77,overcast clouds,99,1.31,CO,1601843037,82.04
Mitsamiouli,-11.38,43.28,298.35,75,clear sky,0,3.45,KM,1601843038,77.63
Dwārka,22.24,68.97,300.6,76,clear sky,0,4.52,IN,1601843038,81.68
Denpasar,-8.65,115.22,300.15,100,scattered clouds,40,2.6,ID,1601843038,80.87
Savannah Bight,16.45,-85.85,301.05,76,broken clouds,79,10.75,HN,1601843038,82.49
Kalat,29.02,66.59,287.24,31,clear sky,0,1.01,PK,1601843038,57.63
Aksay,47.26,39.87,288.15,26,few clouds,20,5.0,RU,1601843038,59.27
Coyhaique,-45.58,-72.07,285.15,37,broken clouds,69,6.7,CL,1601843038,53.87
Port Hardy,50.7,-127.42,288.15,82,broken clouds,75,4.6,CA,1601842513,59.27
Lamballe,48.47,-2.51,284.26,87,light rain,100,7.19,FR,1601843040,52.27
Constitución,-35.33,-72.42,286.69,52,clear sky,0,8.72,CL,1601842843,56.64
Nemuro,43.32,145.57,288.89,92,heavy intensity rain,100,8.09,JP,1601842844,60.6
Maracanã,-0.77,-47.45,302.18,62,few clouds,22,3.56,BR,1601843040,84.52
Abadan,38.05,58.21,287.15,41,clear sky,0,1.0,TM,1601843040,57.47
Port Hedland,-20.32,118.57,292.15,22,few clouds,18,4.1,AU,1601843041,66.47
Bubaque,11.28,-15.83,300.97,80,broken clouds,66,6.08,GW,1601843041,82.35
Kaitangata,-46.28,169.85,285.93,84,overcast clouds,85,1.79,NZ,1601842809,55.27
Tournon-sur-Rhône,45.07,4.83,284.82,72,overcast clouds,100,1.74,FR,1601843041,53.28
Araouane,18.9,-3.53,303.61,47,overcast clouds,100,7.01,ML,1601842779,87.1
Lata,40.16,-8.33,287.04,83,scattered clouds,37,0.45,PT,1601842821,57.27
Jiménez,28.33,-105.4,302.15,16,clear sky,5,3.1,MX,1601843041,84.47
Bermeo,43.42,-2.72,287.04,76,light intensity drizzle,40,1.5,ES,1601843042,57.27
Nemyriv,48.97,28.84,290.93,82,scattered clouds,25,1.34,UA,1601843042,64.27
Joshīmath,30.57,79.57,285.96,39,clear sky,0,1.08,IN,1601843042,55.33
Berlevåg,70.86,29.09,280.15,81,clear sky,0,4.6,NO,1601842839,44.87
Manama,26.22,50.58,305.15,62,clear sky,0,4.1,BH,1601842826,89.87
Kinghorn,56.07,-3.18,285.37,100,broken clouds,75,1.0,GB,1601843042,54.27
Biltine,14.53,20.92,301.86,56,broken clouds,69,5.72,TD,1601842801,83.95
Sehithwa,-20.47,22.72,303.03,22,broken clouds,58,1.61,BW,1601843042,86.05
Mildura,-34.2,142.15,283.15,100,overcast clouds,90,5.1,AU,1601843043,50.27
Abnūb,27.27,31.15,301.15,45,clear sky,0,5.1,EG,1601843043,82.67
Sur,22.57,59.53,301.42,54,clear sky,0,2.54,OM,1601842783,83.16
Mlonggo,-6.53,110.7,298.85,75,overcast clouds,92,5.56,ID,1601843043,78.53
Mormugao,15.4,73.8,298.15,100,broken clouds,75,1.0,IN,1601843043,77.27
Sept-Îles,50.2,-66.38,281.15,52,broken clouds,75,6.2,CA,1601842499,46.67
Someshwar,13.5,75.07,297.15,88,scattered clouds,40,1.5,IN,1601843043,75.47
Atambua,-9.11,124.89,294.06,76,overcast clouds,100,1.67,ID,1601842844,69.91
Vanimo,-2.67,141.3,298.15,87,overcast clouds,98,1.86,PG,1601842836,77.27
Novo Aripuanã,-5.12,-60.38,298.77,77,light rain,90,1.21,BR,1601843044,78.39
Sault Ste. Marie,46.52,-84.33,283.15,61,broken clouds,75,4.6,CA,1601842834,50.27
Peniche,39.36,-9.38,290.37,76,overcast clouds,98,2.24,PT,1601843044,63.27
Peno,56.93,32.74,286.66,50,overcast clouds,99,5.72,RU,1601842806,56.59
Terrace Bay,48.78,-87.1,279.15,56,overcast clouds,90,2.6,CA,1601843044,43.07
Turukhansk,65.82,87.98,273.16,99,overcast clouds,100,2.94,RU,1601842784,32.29
Rodino,52.5,80.25,277.66,80,overcast clouds,100,4.85,RU,1601842867,40.39
Ivanteyevka,55.97,37.92,285.93,58,overcast clouds,100,5.0,RU,1601843045,55.27
Bolshaya Dzhalga,45.97,42.7,290.61,37,overcast clouds,100,6.12,RU,1601843045,63.7
Viedma,-40.81,-63.0,284.18,48,moderate rain,100,5.91,AR,1601842819,52.12
Fare,-16.7,-151.02,299.12,78,scattered clouds,46,6.87,PF,1601842819,79.02
Norman Wells,65.28,-126.83,286.15,54,overcast clouds,90,3.6,CA,1601842778,55.67
Sittwe,20.15,92.9,300.01,86,overcast clouds,100,3.38,MM,1601842762,80.62
Jalu,29.03,21.55,305.01,20,clear sky,0,4.0,LY,1601843046,89.62
Lebedinyy,58.52,125.52,269.11,93,overcast clouds,99,1.27,RU,1601843046,25.0
Banamba,13.55,-7.45,301.08,64,overcast clouds,99,3.75,ML,1601843046,82.54
Gushikawa,26.35,127.87,299.15,88,clear sky,1,4.55,JP,1601843046,79.07
Dongtai,32.85,120.31,284.59,76,light rain,0,3.93,CN,1601843046,52.86
Atbasar,51.8,68.33,274.21,84,few clouds,23,3.43,KZ,1601843047,34.18
Sakakah,29.97,40.21,299.15,24,clear sky,0,4.6,SA,1601843047,79.07
Bangassou,4.74,22.82,294.8,98,moderate rain,100,1.26,CF,1601843047,71.24
Suntar,62.14,117.63,275.79,90,overcast clouds,100,3.05,RU,1601843047,37.02
Tonantins,-2.87,-67.8,306.73,49,light rain,52,0.81,BR,1601842885,92.71
Palmer,42.16,-72.33,290.93,36,broken clouds,75,1.5,US,1601842806,64.27
Clearlake,38.96,-122.63,306.48,10,clear sky,0,0.89,US,1601843047,92.26
Suez,29.97,32.53,295.09,72,clear sky,0,3.23,EG,1601843047,71.76
Dryden,49.78,-92.75,283.15,39,broken clouds,75,7.2,CA,1601842833,50.27
Gold Coast,-28.0,153.43,290.93,82,few clouds,20,3.1,AU,1601843048,64.27
Palora,-1.7,-77.93,298.15,69,broken clouds,75,1.5,EC,1601843048,77.27
Ghanzi,-21.57,21.78,296.23,20,few clouds,24,1.72,BW,1601843048,73.81
Deloraine,-41.53,146.67,281.48,87,light rain,90,8.2,AU,1601843048,47.26
Severnyy-Kospashskiy,59.09,57.8,272.04,64,broken clouds,76,1.21,RU,1601843048,30.27
Yabassi,4.46,9.97,296.15,100,thunderstorm,75,1.5,CM,1601843049,73.67
Simpang,-1.27,104.08,296.96,94,overcast clouds,91,0.08,ID,1601843049,75.13
Alta Gracia,-31.65,-64.43,290.93,47,clear sky,0,4.1,AR,1601843049,64.27
Ola,59.58,151.28,277.95,78,overcast clouds,100,3.9,RU,1601843049,40.91
Cockburn Town,21.46,-71.14,303.15,66,scattered clouds,40,7.7,TC,1601843049,86.27
Ulaangom,49.98,92.07,273.5,91,clear sky,0,0.64,MN,1601843049,32.9
Taltal,-25.4,-70.48,291.0,55,few clouds,23,4.62,CL,1601842778,64.4
Looc,12.26,121.99,299.79,79,moderate rain,79,1.84,PH,1601843050,80.22
St. George's,12.06,-61.75,303.15,74,shower rain,75,8.7,GD,1601843050,86.27
Northam,51.03,-4.22,285.37,97,light rain,100,1.34,GB,1601842799,54.27
Kunashak,55.7,61.55,273.15,92,clear sky,10,2.0,RU,1601843050,32.27
Klyuchi,52.27,79.17,277.62,72,overcast clouds,100,4.8,RU,1601843050,40.32
Praia,14.92,-23.51,298.15,73,few clouds,20,5.1,CV,1601843050,77.27
Verkhoyansk,67.54,133.38,270.75,91,broken clouds,52,2.02,RU,1601842829,27.95
Taoudenni,22.68,-3.98,308.52,24,overcast clouds,98,3.53,ML,1601843050,95.94
